country,iso3,year,life_expectancy,hale,healthspan_gap_years
Australia,AUS,2000,79.7,68.11,11.59
Switzerland,CHE,2000,79.71,68.35,11.36
United States of America,USA,2000,76.66,65.32,11.34
New Zealand,NZL,2000,78.58,67.27,11.31
Italy,ITA,2000,79.37,68.39,10.98
France,FRA,2000,78.91,67.98,10.93
Nicaragua,NIC,2000,76.18,65.29,10.89
Finland,FIN,2000,77.59,66.86,10.73
Lebanon,LBN,2000,75.72,65.0,10.72
Norway,NOR,2000,78.54,67.83,10.71
Greece,GRC,2000,78.42,67.74,10.68
United Arab Emirates,ARE,2000,78.12,67.45,10.66
Germany,DEU,2000,78.11,67.47,10.63
Brazil,BRA,2000,71.5,60.92,10.58
United Kingdom of Great Britain and Northern Ireland,GBR,2000,77.86,67.28,10.58
Luxembourg,LUX,2000,78.42,67.85,10.56
Iceland,ISL,2000,79.69,69.14,10.55
Canada,CAN,2000,79.09,68.54,10.55
Austria,AUT,2000,78.18,67.63,10.54
Portugal,PRT,2000,76.59,66.05,10.54
Chile,CHL,2000,76.8,66.26,10.54
Belgium,BEL,2000,77.67,67.21,10.46
Japan,JPN,2000,81.53,71.11,10.42
Cyprus,CYP,2000,78.83,68.47,10.36
Costa Rica,CRI,2000,78.17,67.83,10.33
Kuwait,KWT,2000,77.58,67.25,10.32
Sweden,SWE,2000,79.57,69.26,10.31
Denmark,DNK,2000,76.93,66.66,10.27
Paraguay,PRY,2000,74.68,64.41,10.27
Iran (Islamic Republic of),IRN,2000,73.49,63.23,10.26
Spain,ESP,2000,79.09,68.89,10.2
Israel,ISR,2000,78.54,68.34,10.2
Mexico,MEX,2000,74.22,64.1,10.12
Ireland,IRL,2000,76.42,66.32,10.1
Slovenia,SVN,2000,76.05,65.98,10.07
Puerto Rico,PRI,2000,76.25,66.2,10.05
Tunisia,TUN,2000,74.3,64.35,9.95
Netherlands (Kingdom of the),NLD,2000,78.01,68.1,9.91
Panama,PAN,2000,76.15,66.25,9.91
Bosnia and Herzegovina,BIH,2000,75.46,65.58,9.88
Libya,LBY,2000,74.04,64.23,9.82
Iraq,IRQ,2000,69.48,59.69,9.8
Malta,MLT,2000,77.82,68.02,9.79
Cuba,CUB,2000,76.75,67.02,9.73
Czechia,CZE,2000,75.03,65.31,9.72
Peru,PER,2000,75.12,65.42,9.71
Türkiye,TUR,2000,73.31,63.63,9.69
Saint Lucia,LCA,2000,73.22,63.53,9.68
Venezuela (Bolivarian Republic of),VEN,2000,74.03,64.38,9.66
Dominican Republic,DOM,2000,73.4,63.76,9.64
El Salvador,SLV,2000,71.65,62.02,9.63
Guatemala,GTM,2000,68.31,58.7,9.61
Argentina,ARG,2000,74.29,64.73,9.56
Uruguay,URY,2000,74.88,65.34,9.54
Algeria,DZA,2000,72.47,62.94,9.53
Poland,POL,2000,73.7,64.17,9.52
Croatia,HRV,2000,74.75,65.23,9.52
Morocco,MAR,2000,70.19,60.69,9.51
Antigua and Barbuda,ATG,2000,74.39,64.89,9.5
Jordan,JOR,2000,72.72,63.25,9.48
Slovakia,SVK,2000,73.32,63.86,9.46
Lithuania,LTU,2000,72.0,62.56,9.44
Saudi Arabia,SAU,2000,70.57,61.21,9.36
"occupied Palestinian territory, including east Jerusalem",PSE,2000,69.89,60.57,9.32
Barbados,BRB,2000,74.61,65.29,9.31
Nepal,NPL,2000,65.37,56.06,9.31
Republic of Korea,KOR,2000,75.86,66.55,9.31
Cabo Verde,CPV,2000,71.7,62.44,9.26
Colombia,COL,2000,72.54,63.32,9.22
Brunei Darussalam,BRN,2000,75.51,66.29,9.21
Albania,ALB,2000,73.68,64.48,9.21
Suriname,SUR,2000,70.56,61.38,9.18
Hungary,HUN,2000,71.36,62.22,9.15
Saint Vincent and the Grenadines,VCT,2000,71.66,62.54,9.12
Oman,OMN,2000,71.66,62.54,9.12
Estonia,EST,2000,70.97,61.85,9.12
Sri Lanka,LKA,2000,71.51,62.4,9.12
Singapore,SGP,2000,78.52,69.41,9.11
Ecuador,ECU,2000,72.59,63.5,9.09
India,IND,2000,63.2,54.13,9.07
North Macedonia,MKD,2000,72.95,63.9,9.05
Trinidad and Tobago,TTO,2000,70.42,61.39,9.03
Honduras,HND,2000,69.76,60.75,9.02
Latvia,LVA,2000,70.21,61.2,9.01
Syrian Arab Republic,SYR,2000,71.09,62.08,9.01
Montenegro,MNE,2000,73.43,64.43,9.0
Grenada,GRD,2000,71.59,62.64,8.96
Mauritius,MUS,2000,71.14,62.19,8.95
Yemen,YEM,2000,63.08,54.15,8.93
Bulgaria,BGR,2000,71.64,62.76,8.89
Timor-Leste,TLS,2000,62.87,53.98,8.89
Malaysia,MYS,2000,73.01,64.13,8.88
Romania,ROU,2000,71.14,62.29,8.85
Thailand,THA,2000,71.01,62.21,8.81
Ukraine,UKR,2000,67.55,58.79,8.77
Bhutan,BTN,2000,65.99,57.24,8.75
Bahamas,BHS,2000,70.97,62.22,8.75
Egypt,EGY,2000,69.15,60.42,8.73
Philippines,PHL,2000,69.97,61.25,8.73
Guyana,GUY,2000,64.65,55.95,8.7
Bangladesh,BGD,2000,65.36,56.66,8.7
Armenia,ARM,2000,71.62,62.97,8.65
Jamaica,JAM,2000,72.25,63.61,8.64
Bahrain,BHR,2000,69.69,61.05,8.63
Qatar,QAT,2000,70.38,61.76,8.62
Serbia,SRB,2000,71.5,62.9,8.6
Belarus,BLR,2000,68.79,60.21,8.58
Belize,BLZ,2000,70.1,61.6,8.5
Russian Federation,RUS,2000,65.16,56.71,8.45
Maldives,MDV,2000,69.82,61.39,8.43
Seychelles,SYC,2000,72.11,63.69,8.42
Sudan,SDN,2000,62.49,54.13,8.36
Samoa,WSM,2000,69.6,61.26,8.34
Bolivia (Plurinational State of),BOL,2000,66.09,57.77,8.32
Georgia,GEO,2000,71.07,62.77,8.3
Tonga,TON,2000,70.95,62.71,8.24
Pakistan,PAK,2000,61.41,53.19,8.22
Liberia,LBR,2000,53.27,45.11,8.17
Viet Nam,VNM,2000,71.87,63.74,8.14
Kazakhstan,KAZ,2000,64.35,56.37,7.99
Tajikistan,TJK,2000,65.65,57.79,7.86
Kyrgyzstan,KGZ,2000,65.93,58.11,7.83
Afghanistan,AFG,2000,53.82,46.03,7.8
Papua New Guinea,PNG,2000,63.36,55.57,7.79
Indonesia,IDN,2000,67.21,59.43,7.77
Comoros,COM,2000,62.04,54.29,7.75
Turkmenistan,TKM,2000,65.57,57.83,7.73
South Africa,ZAF,2000,57.12,49.4,7.72
Mauritania,MRT,2000,62.92,55.21,7.71
China,CHN,2000,70.84,63.13,7.71
Fiji,FJI,2000,65.83,58.13,7.7
Senegal,SEN,2000,58.61,50.95,7.65
Gabon,GAB,2000,57.69,50.04,7.65
Republic of Moldova,MDA,2000,65.66,58.02,7.64
Gambia,GMB,2000,59.15,51.51,7.64
Democratic Republic of the Congo,COD,2000,52.64,45.03,7.62
Sao Tome and Principe,STP,2000,63.13,55.52,7.61
Haiti,HTI,2000,56.73,49.16,7.57
Mongolia,MNG,2000,63.2,55.64,7.56
Benin,BEN,2000,57.42,49.89,7.53
Vanuatu,VUT,2000,64.93,57.49,7.44
Equatorial Guinea,GNQ,2000,54.03,46.6,7.43
Nigeria,NGA,2000,54.06,46.63,7.43
Azerbaijan,AZE,2000,65.23,57.81,7.43
Mozambique,MOZ,2000,50.95,43.55,7.4
Madagascar,MDG,2000,58.73,51.33,7.4
Ghana,GHA,2000,59.09,51.73,7.36
Cambodia,KHM,2000,59.1,51.78,7.33
South Sudan,SSD,2000,51.9,44.61,7.29
Micronesia (Federated States of),FSM,2000,63.56,56.28,7.28
Eritrea,ERI,2000,54.93,47.69,7.24
Kiribati,KIR,2000,60.08,52.86,7.23
Djibouti,DJI,2000,59.52,52.37,7.15
Solomon Islands,SLB,2000,63.4,56.3,7.1
Togo,TGO,2000,56.08,49.02,7.06
Mali,MLI,2000,53.06,46.06,6.99
Uzbekistan,UZB,2000,61.68,54.7,6.98
Myanmar,MMR,2000,59.38,52.42,6.96
Kenya,KEN,2000,54.09,47.15,6.94
United Republic of Tanzania,TZA,2000,52.79,45.92,6.88
Cameroon,CMR,2000,52.96,46.13,6.82
Burkina Faso,BFA,2000,51.89,45.06,6.82
Guinea,GIN,2000,54.2,47.43,6.77
Sierra Leone,SLE,2000,49.79,43.07,6.71
Congo,COG,2000,52.22,45.53,6.69
Cote d'Ivoire,CIV,2000,51.17,44.52,6.65
Democratic People's Republic of Korea,PRK,2000,62.52,55.88,6.64
Chad,TCD,2000,51.17,44.56,6.61
Lao People's Democratic Republic,LAO,2000,58.28,51.73,6.54
Angola,AGO,2000,49.37,42.85,6.52
Uganda,UGA,2000,48.89,42.49,6.4
Niger,NER,2000,50.24,43.86,6.38
Ethiopia,ETH,2000,50.79,44.45,6.34
Namibia,NAM,2000,53.02,46.72,6.3
Guinea-Bissau,GNB,2000,50.2,43.95,6.25
Rwanda,RWA,2000,46.89,40.76,6.14
Central African Republic,CAF,2000,44.23,38.3,5.94
Somalia,SOM,2000,49.28,43.41,5.88
Botswana,BWA,2000,47.16,41.31,5.86
Zambia,ZMB,2000,44.53,38.89,5.64
Malawi,MWI,2000,44.64,39.01,5.63
Lesotho,LSO,2000,47.38,41.82,5.57
Burundi,BDI,2000,44.36,38.8,5.56
Eswatini,SWZ,2000,46.78,41.42,5.36
Zimbabwe,ZWE,2000,45.75,40.53,5.21
United States of America,USA,2019,78.74,66.02,12.72
Australia,AUS,2019,82.64,70.26,12.39
New Zealand,NZL,2019,81.81,69.74,12.07
Kuwait,KWT,2019,82.5,70.48,12.03
Switzerland,CHE,2019,83.48,71.53,11.95
Lebanon,LBN,2019,79.29,67.41,11.88
France,FRA,2019,82.53,70.72,11.81
Canada,CAN,2019,82.02,70.3,11.72
United Arab Emirates,ARE,2019,81.41,69.69,11.72
Chile,CHL,2019,81.03,69.37,11.66
Italy,ITA,2019,82.99,71.43,11.56
Germany,DEU,2019,80.97,69.44,11.53
Belgium,BEL,2019,81.61,70.1,11.51
United Kingdom of Great Britain and Northern Ireland,GBR,2019,81.22,69.74,11.49
Norway,NOR,2019,82.66,71.18,11.47
Ireland,IRL,2019,81.94,70.48,11.46
Finland,FIN,2019,81.65,70.19,11.46
Spain,ESP,2019,83.14,71.69,11.45
Jordan,JOR,2019,79.79,68.36,11.42
Luxembourg,LUX,2019,82.8,71.46,11.35
Portugal,PRT,2019,81.37,70.06,11.31
Sweden,SWE,2019,82.71,71.41,11.3
Netherlands (Kingdom of the),NLD,2019,82.34,71.08,11.26
Iran (Islamic Republic of),IRN,2019,77.78,66.56,11.23
Austria,AUT,2019,81.65,70.44,11.2
Nicaragua,NIC,2019,78.87,67.68,11.19
Republic of Korea,KOR,2019,83.69,72.5,11.19
Greece,GRC,2019,80.91,69.82,11.09
Costa Rica,CRI,2019,80.3,69.21,11.09
Iceland,ISL,2019,82.47,71.39,11.08
Israel,ISR,2019,82.57,71.51,11.07
Puerto Rico,PRI,2019,80.5,69.44,11.07
Slovenia,SVN,2019,81.29,70.23,11.05
Cyprus,CYP,2019,82.18,71.13,11.05
Malta,MLT,2019,82.15,71.16,10.98
Qatar,QAT,2019,78.9,67.91,10.98
Denmark,DNK,2019,81.28,70.31,10.96
Brazil,BRA,2019,75.48,64.53,10.95
Japan,JPN,2019,84.47,73.58,10.89
Tunisia,TUN,2019,77.51,66.68,10.83
Saudi Arabia,SAU,2019,76.93,66.15,10.78
Panama,PAN,2019,78.97,68.31,10.66
Czechia,CZE,2019,79.14,68.49,10.64
"occupied Palestinian territory, including east Jerusalem",PSE,2019,75.83,65.19,10.64
Estonia,EST,2019,78.89,68.37,10.52
Iraq,IRQ,2019,72.9,62.41,10.49
Algeria,DZA,2019,76.55,66.14,10.41
Saint Lucia,LCA,2019,76.12,65.71,10.41
Türkiye,TUR,2019,77.62,67.24,10.38
Mexico,MEX,2019,75.83,65.46,10.37
Sri Lanka,LKA,2019,77.45,67.09,10.36
Bahrain,BHR,2019,76.03,65.8,10.23
Croatia,HRV,2019,78.6,68.38,10.22
Paraguay,PRY,2019,75.08,64.87,10.21
Uruguay,URY,2019,77.01,66.81,10.2
Libya,LBY,2019,73.54,63.36,10.19
Guatemala,GTM,2019,72.71,62.54,10.17
Poland,POL,2019,77.73,67.56,10.17
Morocco,MAR,2019,73.75,63.6,10.15
Ecuador,ECU,2019,77.75,67.62,10.14
Slovakia,SVK,2019,77.61,67.48,10.13
Argentina,ARG,2019,77.02,66.9,10.12
Singapore,SGP,2019,83.9,73.8,10.1
Bosnia and Herzegovina,BIH,2019,77.1,67.01,10.09
Colombia,COL,2019,77.95,67.9,10.05
Trinidad and Tobago,TTO,2019,74.09,64.07,10.02
Lithuania,LTU,2019,76.25,66.23,10.02
Bangladesh,BGD,2019,73.95,63.98,9.97
Suriname,SUR,2019,73.02,63.12,9.9
El Salvador,SLV,2019,74.28,64.39,9.89
Peru,PER,2019,78.29,68.41,9.88
Antigua and Barbuda,ATG,2019,75.66,65.78,9.87
Cuba,CUB,2019,77.66,67.8,9.86
India,IND,2019,70.73,60.88,9.84
Nepal,NPL,2019,71.36,61.53,9.83
Mauritius,MUS,2019,74.06,64.25,9.81
Bhutan,BTN,2019,73.93,64.13,9.8
Thailand,THA,2019,76.92,67.14,9.78
Dominican Republic,DOM,2019,73.91,64.14,9.77
Oman,OMN,2019,75.29,65.53,9.76
Barbados,BRB,2019,76.04,66.29,9.75
Hungary,HUN,2019,76.34,66.59,9.74
Belize,BLZ,2019,74.87,65.19,9.68
Latvia,LVA,2019,75.68,66.02,9.66
Saint Vincent and the Grenadines,VCT,2019,73.11,63.49,9.62
Brunei Darussalam,BRN,2019,76.68,67.08,9.6
Guyana,GUY,2019,68.73,59.14,9.59
Montenegro,MNE,2019,76.84,67.25,9.59
South Africa,ZAF,2019,65.84,56.29,9.54
Yemen,YEM,2019,66.9,57.36,9.54
Albania,ALB,2019,77.94,68.41,9.54
Ukraine,UKR,2019,73.0,63.47,9.53
Syrian Arab Republic,SYR,2019,69.17,59.66,9.51
Russian Federation,RUS,2019,73.22,63.72,9.5
North Macedonia,MKD,2019,76.15,66.65,9.5
Liberia,LBR,2019,63.44,53.99,9.46
Belarus,BLR,2019,74.82,65.44,9.38
Serbia,SRB,2019,75.92,66.55,9.37
Grenada,GRD,2019,72.73,63.36,9.37
Sudan,SDN,2019,69.47,60.11,9.35
Bulgaria,BGR,2019,75.0,65.67,9.33
Venezuela (Bolivarian Republic of),VEN,2019,72.71,63.4,9.31
Cabo Verde,CPV,2019,74.06,64.76,9.3
Romania,ROU,2019,75.46,66.18,9.28
Bolivia (Plurinational State of),BOL,2019,72.92,63.64,9.28
Kazakhstan,KAZ,2019,73.2,63.97,9.23
Pakistan,PAK,2019,67.03,57.8,9.23
Malaysia,MYS,2019,74.68,65.49,9.2
Armenia,ARM,2019,75.67,66.48,9.19
Azerbaijan,AZE,2019,75.8,66.62,9.18
Honduras,HND,2019,71.44,62.35,9.09
Egypt,EGY,2019,71.59,62.52,9.07
Georgia,GEO,2019,73.85,64.85,9.0
Bahamas,BHS,2019,70.74,61.78,8.96
Ethiopia,ETH,2019,68.85,59.93,8.92
Afghanistan,AFG,2019,61.22,52.31,8.91
Tajikistan,TJK,2019,73.81,64.91,8.9
Republic of Moldova,MDA,2019,73.32,64.43,8.89
Senegal,SEN,2019,68.76,59.87,8.89
Tonga,TON,2019,72.94,64.05,8.89
Botswana,BWA,2019,64.92,56.05,8.87
China,CHN,2019,77.31,68.45,8.86
Seychelles,SYC,2019,73.12,64.31,8.81
Mongolia,MNG,2019,70.75,62.0,8.75
Kyrgyzstan,KGZ,2019,73.59,64.84,8.74
Sao Tome and Principe,STP,2019,71.66,62.95,8.7
Jamaica,JAM,2019,72.24,63.55,8.69
Haiti,HTI,2019,63.66,55.0,8.66
Rwanda,RWA,2019,67.76,59.1,8.66
Uzbekistan,UZB,2019,72.27,63.62,8.65
Gabon,GAB,2019,64.97,56.38,8.59
Mauritania,MRT,2019,70.18,61.59,8.58
Samoa,WSM,2019,69.99,61.42,8.57
Uganda,UGA,2019,66.09,57.55,8.53
Timor-Leste,TLS,2019,68.5,59.97,8.52
Maldives,MDV,2019,75.45,66.93,8.52
United Republic of Tanzania,TZA,2019,66.79,58.31,8.47
Comoros,COM,2019,68.1,59.76,8.34
Democratic Republic of the Congo,COD,2019,61.84,53.5,8.34
Viet Nam,VNM,2019,73.71,65.39,8.32
Gambia,GMB,2019,64.91,56.6,8.31
Cambodia,KHM,2019,69.56,61.25,8.3
Benin,BEN,2019,64.14,55.87,8.27
Kenya,KEN,2019,66.5,58.25,8.25
Nigeria,NGA,2019,63.07,54.81,8.25
Equatorial Guinea,GNQ,2019,61.39,53.17,8.22
Papua New Guinea,PNG,2019,66.67,58.47,8.2
Fiji,FJI,2019,67.87,59.67,8.2
Angola,AGO,2019,62.49,54.32,8.17
Philippines,PHL,2019,69.43,61.26,8.17
Myanmar,MMR,2019,68.81,60.66,8.14
Indonesia,IDN,2019,71.4,63.29,8.11
Burundi,BDI,2019,64.32,56.21,8.11
Eritrea,ERI,2019,63.76,55.67,8.09
Congo,COG,2019,62.76,54.67,8.09
Cote d'Ivoire,CIV,2019,63.48,55.42,8.06
South Sudan,SSD,2019,59.0,50.96,8.04
Ghana,GHA,2019,65.97,57.94,8.03
Mali,MLI,2019,61.83,53.81,8.02
Turkmenistan,TKM,2019,69.14,61.13,8.01
Namibia,NAM,2019,63.49,55.53,7.96
Zambia,ZMB,2019,61.76,53.87,7.89
Mozambique,MOZ,2019,58.51,50.65,7.86
Togo,TGO,2019,63.65,55.81,7.84
Djibouti,DJI,2019,65.44,57.61,7.83
Democratic People's Republic of Korea,PRK,2019,72.32,64.51,7.81
Micronesia (Federated States of),FSM,2019,65.94,58.15,7.79
Cameroon,CMR,2019,62.03,54.24,7.78
Sierra Leone,SLE,2019,60.4,52.63,7.77
Lao People's Democratic Republic,LAO,2019,68.36,60.6,7.76
Vanuatu,VUT,2019,67.13,59.38,7.75
Malawi,MWI,2019,63.23,55.54,7.69
Madagascar,MDG,2019,63.82,56.16,7.66
Burkina Faso,BFA,2019,62.61,54.96,7.66
Guinea,GIN,2019,61.13,53.51,7.62
Chad,TCD,2019,59.37,51.78,7.6
Solomon Islands,SLB,2019,65.67,58.12,7.56
Kiribati,KIR,2019,62.14,54.66,7.47
Niger,NER,2019,60.57,53.15,7.42
Guinea-Bissau,GNB,2019,58.98,51.81,7.17
Zimbabwe,ZWE,2019,59.07,51.95,7.12
Eswatini,SWZ,2019,55.75,48.65,7.1
Central African Republic,CAF,2019,52.93,45.97,6.96
Lesotho,LSO,2019,51.78,45.04,6.74
Somalia,SOM,2019,55.21,48.65,6.56
Australia,AUS,2021,83.1,70.61,12.5
United States of America,USA,2021,76.37,63.91,12.46
New Zealand,NZL,2021,82.2,69.98,12.22
Switzerland,CHE,2021,83.33,71.15,12.18
France,FRA,2021,81.92,70.08,11.84
Canada,CAN,2021,81.58,69.78,11.8
Norway,NOR,2021,82.88,71.16,11.73
Belgium,BEL,2021,81.51,69.79,11.71
Portugal,PRT,2021,81.18,69.52,11.66
Italy,ITA,2021,82.2,70.56,11.63
Finland,FIN,2021,81.53,69.93,11.6
Ireland,IRL,2021,81.6,70.0,11.6
Germany,DEU,2021,80.49,68.93,11.56
Spain,ESP,2021,82.66,71.11,11.56
Sweden,SWE,2021,82.66,71.12,11.55
Luxembourg,LUX,2021,82.78,71.23,11.55
United Kingdom of Great Britain and Northern Ireland,GBR,2021,80.1,68.64,11.46
Chile,CHL,2021,79.02,67.65,11.37
Republic of Korea,KOR,2021,83.8,72.45,11.35
Iceland,ISL,2021,82.58,71.37,11.21
Austria,AUT,2021,80.99,69.79,11.2
Cyprus,CYP,2021,81.91,70.74,11.17
Kuwait,KWT,2021,78.95,67.78,11.17
Netherlands (Kingdom of the),NLD,2021,81.12,69.97,11.16
Denmark,DNK,2021,81.18,70.06,11.13
Lebanon,LBN,2021,74.34,63.22,11.13
Malta,MLT,2021,81.81,70.71,11.1
Puerto Rico,PRI,2021,79.9,68.82,11.08
Japan,JPN,2021,84.46,73.4,11.07
Slovenia,SVN,2021,80.41,69.36,11.06
Greece,GRC,2021,79.6,68.55,11.05
United Arab Emirates,ARE,2021,78.31,67.27,11.03
Costa Rica,CRI,2021,78.63,67.63,11.0
Israel,ISR,2021,81.74,70.76,10.99
Saudi Arabia,SAU,2021,76.43,65.64,10.78
Iran (Islamic Republic of),IRN,2021,74.71,63.98,10.74
Jordan,JOR,2021,75.65,65.07,10.58
Brazil,BRA,2021,72.39,61.83,10.56
"occupied Palestinian territory, including east Jerusalem",PSE,2021,73.49,62.93,10.56
Qatar,QAT,2021,76.71,66.21,10.5
Panama,PAN,2021,77.24,66.74,10.5
Sri Lanka,LKA,2021,77.23,66.73,10.5
Tunisia,TUN,2021,74.07,63.58,10.49
Iraq,IRQ,2021,71.47,61.02,10.45
Algeria,DZA,2021,75.98,65.55,10.43
Czechia,CZE,2021,77.08,66.66,10.42
Nicaragua,NIC,2021,75.03,64.61,10.41
Antigua and Barbuda,ATG,2021,76.92,66.52,10.39
Estonia,EST,2021,77.13,66.74,10.39
Morocco,MAR,2021,72.62,62.34,10.28
Singapore,SGP,2021,83.86,73.65,10.21
Barbados,BRB,2021,76.84,66.67,10.17
Syrian Arab Republic,SYR,2021,72.44,62.27,10.17
Bahrain,BHR,2021,74.38,64.24,10.15
Libya,LBY,2021,72.18,62.06,10.12
Bhutan,BTN,2021,74.88,64.8,10.07
Türkiye,TUR,2021,75.27,65.21,10.07
Croatia,HRV,2021,76.86,66.8,10.06
Bangladesh,BGD,2021,73.1,63.05,10.05
Uruguay,URY,2021,74.98,64.99,10.0
Lithuania,LTU,2021,74.13,64.23,9.91
Poland,POL,2021,75.4,65.52,9.88
Bosnia and Herzegovina,BIH,2021,74.85,64.99,9.86
Nepal,NPL,2021,70.05,60.2,9.85
Brunei Darussalam,BRN,2021,76.92,67.1,9.82
Mauritius,MUS,2021,73.42,63.63,9.79
Argentina,ARG,2021,74.57,64.79,9.77
Trinidad and Tobago,TTO,2021,71.71,61.94,9.76
Dominican Republic,DOM,2021,73.32,63.56,9.76
Albania,ALB,2021,76.39,66.69,9.7
Saint Vincent and the Grenadines,VCT,2021,72.56,62.88,9.68
Ecuador,ECU,2021,73.96,64.34,9.62
Grenada,GRD,2021,72.77,63.16,9.61
Slovakia,SVK,2021,74.51,64.94,9.57
Montenegro,MNE,2021,74.71,65.15,9.56
Hungary,HUN,2021,74.4,64.84,9.56
Thailand,THA,2021,75.29,65.76,9.53
Colombia,COL,2021,74.53,65.02,9.51
Liberia,LBR,2021,63.46,53.96,9.5
Belize,BLZ,2021,73.32,63.82,9.5
Suriname,SUR,2021,69.78,60.3,9.48
El Salvador,SLV,2021,71.67,62.2,9.47
Guatemala,GTM,2021,68.7,59.25,9.44
Latvia,LVA,2021,73.2,63.76,9.44
Belarus,BLR,2021,73.12,63.71,9.42
Mexico,MEX,2021,70.83,61.44,9.4
Cabo Verde,CPV,2021,73.16,63.77,9.4
Paraguay,PRY,2021,70.27,60.88,9.39
Ukraine,UKR,2021,70.91,61.55,9.35
Saint Lucia,LCA,2021,71.11,61.76,9.35
Yemen,YEM,2021,65.76,56.46,9.3
Seychelles,SYC,2021,74.01,64.72,9.29
Oman,OMN,2021,72.48,63.19,9.29
North Macedonia,MKD,2021,73.0,63.71,9.28
Guyana,GUY,2021,66.08,56.82,9.26
Venezuela (Bolivarian Republic of),VEN,2021,71.22,62.05,9.17
India,IND,2021,67.31,58.15,9.16
Pakistan,PAK,2021,65.99,56.89,9.1
Russian Federation,RUS,2021,70.02,60.94,9.08
Cuba,CUB,2021,73.67,64.62,9.05
Sudan,SDN,2021,67.59,58.54,9.05
China,CHN,2021,77.62,68.58,9.03
Ethiopia,ETH,2021,67.84,58.83,9.01
Armenia,ARM,2021,72.98,64.01,8.97
Tonga,TON,2021,72.72,63.78,8.94
Serbia,SRB,2021,72.81,63.87,8.93
Bahamas,BHS,2021,70.43,61.52,8.92
Romania,ROU,2021,72.76,63.85,8.92
Bulgaria,BGR,2021,71.31,62.39,8.92
Honduras,HND,2021,68.96,60.05,8.92
Senegal,SEN,2021,67.79,58.9,8.89
Azerbaijan,AZE,2021,72.91,64.04,8.87
Malaysia,MYS,2021,72.81,63.95,8.86
Gabon,GAB,2021,65.09,56.26,8.83
Uzbekistan,UZB,2021,72.19,63.36,8.83
Rwanda,RWA,2021,67.54,58.71,8.83
Mongolia,MNG,2021,70.1,61.31,8.78
Georgia,GEO,2021,71.24,62.48,8.76
Uganda,UGA,2021,65.99,57.22,8.76
Kyrgyzstan,KGZ,2021,72.19,63.42,8.76
Egypt,EGY,2021,69.11,60.36,8.75
South Africa,ZAF,2021,61.5,52.76,8.74
United Republic of Tanzania,TZA,2021,66.81,58.07,8.74
Sao Tome and Principe,STP,2021,71.18,62.44,8.74
Tajikistan,TJK,2021,71.81,63.09,8.73
Maldives,MDV,2021,75.4,66.67,8.72
Kazakhstan,KAZ,2021,70.28,61.55,8.72
Samoa,WSM,2021,70.27,61.57,8.7
Afghanistan,AFG,2021,59.13,50.45,8.68
Peru,PER,2021,71.67,62.99,8.68
Kenya,KEN,2021,66.76,58.22,8.55
Haiti,HTI,2021,62.46,53.94,8.52
Comoros,COM,2021,67.5,59.02,8.48
Mauritania,MRT,2021,68.87,60.39,8.48
Timor-Leste,TLS,2021,68.0,59.53,8.47
Nigeria,NGA,2021,63.4,54.95,8.45
Viet Nam,VNM,2021,73.8,65.35,8.45
Jamaica,JAM,2021,70.14,61.72,8.42
Democratic Republic of the Congo,COD,2021,61.63,53.21,8.42
Gambia,GMB,2021,64.21,55.84,8.37
Angola,AGO,2021,62.13,53.76,8.37
Equatorial Guinea,GNQ,2021,61.61,53.26,8.35
Republic of Moldova,MDA,2021,69.56,61.21,8.35
Congo,COG,2021,63.17,54.84,8.34
Benin,BEN,2021,64.01,55.72,8.3
Turkmenistan,TKM,2021,69.12,60.82,8.3
Cambodia,KHM,2021,68.92,60.63,8.29
Ghana,GHA,2021,66.1,57.88,8.22
Burundi,BDI,2021,64.01,55.84,8.16
Eritrea,ERI,2021,63.57,55.42,8.15
Botswana,BWA,2021,61.23,53.1,8.13
Mali,MLI,2021,61.67,53.56,8.12
Cote d'Ivoire,CIV,2021,63.52,55.41,8.11
Myanmar,MMR,2021,67.85,59.75,8.1
South Sudan,SSD,2021,58.57,50.53,8.04
Togo,TGO,2021,63.86,55.85,8.02
Papua New Guinea,PNG,2021,65.49,57.48,8.01
Zambia,ZMB,2021,60.97,52.97,8.0
Bolivia (Plurinational State of),BOL,2021,65.41,57.43,7.99
Mozambique,MOZ,2021,57.66,49.72,7.95
Democratic People's Republic of Korea,PRK,2021,72.64,64.73,7.91
Sierra Leone,SLE,2021,61.02,53.13,7.9
Djibouti,DJI,2021,64.87,56.99,7.88
Guinea,GIN,2021,61.26,53.43,7.84
Lao People's Democratic Republic,LAO,2021,68.23,60.41,7.82
Malawi,MWI,2021,62.49,54.67,7.82
Fiji,FJI,2021,65.5,57.69,7.81
Madagascar,MDG,2021,62.93,55.14,7.8
Micronesia (Federated States of),FSM,2021,65.71,57.93,7.78
Cameroon,CMR,2021,61.77,54.01,7.76
Burkina Faso,BFA,2021,62.3,54.56,7.73
Vanuatu,VUT,2021,66.35,58.68,7.67
Philippines,PHL,2021,66.41,58.77,7.64
Indonesia,IDN,2021,68.26,60.67,7.59
Chad,TCD,2021,59.09,51.52,7.57
Namibia,NAM,2021,60.36,52.82,7.54
Solomon Islands,SLB,2021,64.79,57.37,7.43
Niger,NER,2021,59.97,52.61,7.36
Zimbabwe,ZWE,2021,58.48,51.25,7.23
Kiribati,KIR,2021,60.87,53.65,7.22
Guinea-Bissau,GNB,2021,58.63,51.45,7.18
Eswatini,SWZ,2021,54.59,47.47,7.13
Central African Republic,CAF,2021,52.31,45.43,6.87
Lesotho,LSO,2021,51.48,44.63,6.84
Somalia,SOM,2021,53.95,47.42,6.53
